Этап воронки,ВНИМАНИЕ,ПРОИЗВОДИТЕЛЬНОСТЬ,НАПОР,ДИАМЕТР ПАТРУБКА,ДВИГАТЕЛЬ,ПРИМЕНЕНИЕ,ФАКТЫ,CTA / ДОВЕРИЕ
Слайд,"Слайд 1
 Главная","Слайд 2
 Поток воды","Слайд 3
 Высота подъёма","Слайд 4
 Диаметр патрубка","Слайд 5
 Двигатель","Слайд 6
 Где применять","Слайд 7
 Характеристики","Слайд 8
 Финал / CTA"
"Что сделать
 дизайнеру","Стиль Industrial Premium / Technical Lifestyle: современно, дорого, чисто и технологично. Товар — главный герой, крупно и без искажений формы, корпуса, рамы, патрубков, панелей, ручек, колес и цвета. Фон — реальный рабочий сценарий: дача, стройка, участок, мастерская, зона полива, осушения или резервного питания; бетон, металл, вода, древесина и натуральные поверхности мягко размыты вторым планом. Палитра: графит, сталь, тёплый бежевый, приглушённый жёлтый/чёрный или фактические фирменные цвета товара. Без неона, дешёвых иконок, ярких градиентов и перегруженных коллажей. Крупные цифры, строгая типографика, тонкие технические линии и аккуратные акценты. Hero-обложка: Мотопомпа бензиновая PROFI МПБ-80/1000 крупно 3/4. Главные цифры: 1000 Л/МИН • 80 ММ (3"") • 6,5 Л.С.. Заголовок-крючок: «БЫСТРАЯ ПОДАЧА ВОДЫ ДЛЯ УЧАСТКА И ХОЗЯЙСТВА». Показать реальную технику без искажений.","Стиль Industrial Premium / Technical Lifestyle: современно, дорого, чисто и технологично. Товар — главный герой, крупно и без искажений формы, корпуса, рамы, патрубков, панелей, ручек, розеток, колес и цвета. Фон — реальный рабочий сценарий: дача, стройка, участок, мастерская, зона полива, осушения или резервного питания; бетон, металл, вода, древесина и натуральные поверхности мягко размыты вторым планом. Палитра: графит, сталь, тёплый бежевый, приглушённый жёлтый/чёрный или фактические фирменные цвета товара. Без неона, дешёвых иконок, ярких градиентов и перегруженных коллажей. Крупные цифры, строгая типографика, тонкие технические линии и аккуратные акценты. Сделать слайд с главным акцентом на производительность 1000 Л/МИН. Визуально — быстрый поток воды, но без фантастических эффектов. Не переводить л/мин в другие значения без необходимости.","Стиль Industrial Premium / Technical Lifestyle: современно, дорого, чисто и технологично. Товар — главный герой, крупно и без искажений формы, корпуса, рамы, патрубков, панелей, ручек, розеток, колес и цвета. Фон — реальный рабочий сценарий: дача, стройка, участок, мастерская, зона полива, осушения или резервного питания; бетон, металл, вода, древесина и натуральные поверхности мягко размыты вторым планом. Палитра: графит, сталь, тёплый бежевый, приглушённый жёлтый/чёрный или фактические фирменные цвета товара. Без неона, дешёвых иконок, ярких градиентов и перегруженных коллажей. Крупные цифры, строгая типографика, тонкие технические линии и аккуратные акценты. Сделать технический слайд напора. Главная цифра — 28 М. Можно показать подачу воды на высоту/дистанцию в хозяйственном сценарии. Не обещать большую высоту, чем подтверждено.","Стиль Industrial Premium / Technical Lifestyle: современно, дорого, чисто и технологично. Товар — главный герой, крупно и без искажений формы, корпуса, рамы, патрубков, панелей, ручек, розеток, колес и цвета. Фон — реальный рабочий сценарий: дача, стройка, участок, мастерская, зона полива, осушения или резервного питания; бетон, металл, вода, древесина и натуральные поверхности мягко размыты вторым планом. Палитра: графит, сталь, тёплый бежевый, приглушённый жёлтый/чёрный или фактические фирменные цвета товара. Без неона, дешёвых иконок, ярких градиентов и перегруженных коллажей. Крупные цифры, строгая типографика, тонкие технические линии и аккуратные акценты. Сделать слайд по патрубку: 80 ММ (3""). Показать узел подключения и размерный акцент. Не путать диаметр патрубка с диаметром шланга, если это не показано явно.","Стиль Industrial Premium / Technical Lifestyle: современно, дорого, чисто и технологично. Товар — главный герой, крупно и без искажений формы, корпуса, рамы, патрубков, панелей, ручек, розеток, колес и цвета. Фон — реальный рабочий сценарий: дача, стройка, участок, мастерская, зона полива, осушения или резервного питания; бетон, металл, вода, древесина и натуральные поверхности мягко размыты вторым планом. Палитра: графит, сталь, тёплый бежевый, приглушённый жёлтый/чёрный или фактические фирменные цвета товара. Без неона, дешёвых иконок, ярких градиентов и перегруженных коллажей. Крупные цифры, строгая типографика, тонкие технические линии и аккуратные акценты. Показать двигатель и ключевые факты: 4-Х ТАКТНЫЙ, 6,5 Л.С.. Дополнительно: РАМА ЕСТЬ. Не добавлять электростартер, если он не подтверждён.","Стиль Industrial Premium / Technical Lifestyle: современно, дорого, чисто и технологично. Товар — главный герой, крупно и без искажений формы, корпуса, рамы, патрубков, панелей, ручек, розеток, колес и цвета. Фон — реальный рабочий сценарий: дача, стройка, участок, мастерская, зона полива, осушения или резервного питания; бетон, металл, вода, древесина и натуральные поверхности мягко размыты вторым планом. Палитра: графит, сталь, тёплый бежевый, приглушённый жёлтый/чёрный или фактические фирменные цвета товара. Без неона, дешёвых иконок, ярких градиентов и перегруженных коллажей. Крупные цифры, строгая типографика, тонкие технические линии и аккуратные акценты. Одна сильная lifestyle-сцена: полив участка, осушение, перекачка воды, наполнение резервуара или хозяйственные работы. Учитывать назначение: СЛАБОЗАГРЯЗНЁННАЯ ВОДА. Не показывать грязевую тяжёлую жижу, если подтверждена только чистая/слабозагрязнённая вода.","Стиль Industrial Premium / Technical Lifestyle: современно, дорого, чисто и технологично. Товар — главный герой, крупно и без искажений формы, корпуса, рамы, патрубков, панелей, ручек, розеток, колес и цвета. Фон — реальный рабочий сценарий: дача, стройка, участок, мастерская, зона полива, осушения или резервного питания; бетон, металл, вода, древесина и натуральные поверхности мягко размыты вторым планом. Палитра: графит, сталь, тёплый бежевый, приглушённый жёлтый/чёрный или фактические фирменные цвета товара. Без неона, дешёвых иконок, ярких градиентов и перегруженных коллажей. Крупные цифры, строгая типографика, тонкие технические линии и аккуратные акценты. Строгий технический слайд: PROFI • МПБ-80/1000 • 6,5 Л.С. • 4-Х ТАКТНЫЙ • 80 ММ (3"") • 1000 Л/МИН • 28 М • 7 М • РУЧНОЙ СТАРТЕР. Добавить: СЛАБОЗАГРЯЗНЁННАЯ ВОДА; РУЧНОЙ СТАРТЕР; РАМА ЕСТЬ; АВТООТКЛЮЧЕНИЕ ПРИ НИЗКОМ УРОВНЕ МАСЛА • БАК 1,1 Л • ПЕРЕХОДНИК 2"" В КОМПЛЕКТЕ.","Стиль Industrial Premium / Technical Lifestyle: современно, дорого, чисто и технологично. Товар — главный герой, крупно и без искажений формы, корпуса, рамы, патрубков, панелей, ручек, розеток, колес и цвета. Фон — реальный рабочий сценарий: дача, стройка, участок, мастерская, зона полива, осушения или резервного питания; бетон, металл, вода, древесина и натуральные поверхности мягко размыты вторым планом. Палитра: графит, сталь, тёплый бежевый, приглушённый жёлтый/чёрный или фактические фирменные цвета товара. Без неона, дешёвых иконок, ярких градиентов и перегруженных коллажей. Крупные цифры, строгая типографика, тонкие технические линии и аккуратные акценты. Финальный продающий слайд: повторить 1000 Л/МИН • 28 М • 80 ММ (3""). CTA: «ПОДАЧА ВОДЫ БЕЗ ЗАВИСИМОСТИ ОТ СЕТИ» + «ДОБАВИТЬ В КОРЗИНУ»."
Текст на слайде,"БЫСТРАЯ ПОДАЧА ВОДЫ ДЛЯ УЧАСТКА И ХОЗЯЙСТВА
 
 1000 Л/МИН
 80 ММ (3"")
 6,5 Л.С.
 
 PROFI
 МПБ-80/1000","МОЩНЫЙ ПОТОК ВОДЫ
 
 1000 Л/МИН
 
 ДЛЯ ПОЛИВА, ОСУШЕНИЯ И ПЕРЕКАЧКИ","ВЫСОТА ПОДЪЁМА
 
 28 М
 
 ГЛУБИНА ВСАСЫВАНИЯ 7 М","ДИАМЕТР ПАТРУБКА
 
 80 ММ (3"")
 
 СТАБИЛЬНОЕ ПОДКЛЮЧЕНИЕ ШЛАНГА","БЕНЗИНОВЫЙ ДВИГАТЕЛЬ
 
 4-Х ТАКТНЫЙ
 6,5 Л.С.","ДЛЯ РЕАЛЬНЫХ ХОЗЯЙСТВЕННЫХ ЗАДАЧ
 
 СЛАБОЗАГРЯЗНЁННАЯ ВОДА
 
 ПОЛИВ • ОСУШЕНИЕ • ПЕРЕКАЧКА","КЛЮЧЕВЫЕ ХАРАКТЕРИСТИКИ
 
 PROFI
 МПБ-80/1000
 6,5 Л.С.
 4-Х ТАКТНЫЙ
 80 ММ (3"")
 1000 Л/МИН
 28 М
 7 М
 РУЧНОЙ СТАРТЕР
 СЛАБОЗАГРЯЗНЁННАЯ ВОДА
 РУЧНОЙ СТАРТЕР
 РАМА ЕСТЬ","ПОДАЧА ВОДЫ БЕЗ ЗАВИСИМОСТИ ОТ СЕТИ
 
 1000 Л/МИН • 28 М • 80 ММ (3"")
 
 МПБ-80/1000
 ДОБАВИТЬ В КОРЗИНУ"
Что показать,"Товар целиком крупно; патрубки, рама и двигатель хорошо читаются.",Рабочий поток воды и мотопомпа в реальном сценарии.,"Сцену подачи воды на высоту/дистанцию, без перегруза спецэффектами.",Узел патрубка и акцент на размере.,"Макро двигателя, рамы и пускового узла.",Один цельный сценарий полива/осушения/перекачки.,Товар 3/4 + строгая сетка только подтверждённых характеристик.,"Герой крупно, три ключевые цифры, аккуратный CTA."
Психотип,Визуал + дигитал,Практик + аналитик,Аналитик,Технарь,Технарь + практик,Практик + визуал,Дигитал,Рациональный покупатель
"Скелет
 серии","Hero: 1000 Л/МИН + 80 ММ (3"") + 6,5 Л.С..",Поток: 1000 Л/МИН.,Напор: 28 М и всасывание 7 М.,"Патрубок: 80 ММ (3"").","Двигатель: 4-Х ТАКТНЫЙ 6,5 Л.С..",Применение: полив / осушение / перекачка.,Факты: только подтверждённые данные конкретного ШК.,"CTA: 1000 Л/МИН + 28 М + 80 ММ (3"")."
Примечание,"ШК 4680178799652; артикул WB 484662821. Товар: Мотопомпа бензиновая PROFI МПБ-80/1000. Источник: /mnt/data/all_chars.xlsx. Фото: https://basket-26.wbbasket.ru/vol4846/part484662/484662821/images/big/1.webp. Подтверждено: 80 мм (3""), 1000 л/мин, напор 28 м, всасывание 7 м, 6,5 л.с., 4-х тактный бензиновый двигатель, слабозагрязнённая вода, ручной стартер, рама, гарантия 1 год. В описании есть данные про бак 1,1 л и автоотключение по маслу — допустимо использовать как дополнительные преимущества именно для этого ШК.","Не переносить характеристики между мотопомпами: у моделей различаются диаметр патрубка, напор, производительность, мощность и тип двигателя.","Не использовать неподтверждённые данные по весу нетто, уровню шума, расходу топлива и точным габаритам, если они не указаны в локальной базе для этого ШК.","Не путать диаметр патрубка с диаметром шланга, а высоту подъёма — с глубиной всасывания.","Изображать только бензиновую технику, без намёка на питание от сети.","Если вода указана как чистая/слабозагрязнённая, не показывать тяжёлые густые загрязнения и не обещать работу с илом или камнями.",На слайде комплектации не разносить мелкие аксессуары множеством иконок — всё в премиальном и чистом стиле.,"Главная задача серии — быстро показать производительность, диаметр, напор и тип двигателя."
